feature,importance,feature_type
poly_1_1_2,0.21959402338455014,Engineering
poly_1_0_3,0.11991047107516938,Engineering
poly_0_1_3,0.06925601605305108,Engineering
receipts_power_2.5,0.03758387923298703,Engineering
poly_1_0_2,0.033555273220276724,Engineering
interview_interaction_176,0.029252869679592043,Interview
interaction_duration_miles_receipts,0.028883721512883716,Interview
sinh_receipts,0.026737707763375345,Engineering
poly_2_1_1,0.025066735878016378,Engineering
poly_1_1_1,0.023544314208875025,Engineering
row_max,0.019866316560662203,Engineering
poly_1_2_1,0.01604579071555712,Engineering
interaction_duration_sq_miles,0.015970738291650927,Interview
receipts_power_4,0.015694627854129124,Engineering
receipts_power_0.5,0.014031232931856126,Engineering
row_std,0.01326930413798656,Engineering
row_mean,0.012937274542213176,Engineering
poly_3_1_0,0.012029360931886444,Engineering
geometric_mean,0.01154396200346731,Engineering
poly_2_1_0,0.011495688568846751,Engineering
row_range,0.011137622966204283,Engineering
interview_interaction_170,0.009137567469490323,Interview
poly_2_0_1,0.00801853539259598,Engineering
log2_receipts,0.006824786010205628,Engineering
poly_2_0_2,0.006493814682296504,Engineering
interview_interaction_55,0.0059462780838923715,Interview
poly_1_2_0,0.0038872216546236597,Engineering
interview_interaction_140,0.003532445468421595,Interview
interview_interaction_256,0.0034041624585332856,Interview
miles_duration_product,0.0032471707505669373,Interview
interview_interaction_46,0.0029412628011112173,Interview
interview_interaction_45,0.002940011167672308,Interview
poly_1_3_0,0.002721898806981169,Engineering
interview_interaction_216,0.002638585627815133,Interview
eng_complex_170,0.002412449170061667,Engineering
interview_interaction_215,0.0023339042260165635,Interview
interview_interaction_26,0.0022110056990895122,Interview
cbrt_receipts,0.002178879474567305,Engineering
sin_miles_freq_4,0.002131898430036324,Engineering
eng_complex_21,0.0021004533575300815,Engineering
hash_mod_47_37_3,0.0020993390942142705,Engineering
xor_all,0.0020246294715462448,Engineering
fourier_receipts_sin_5,0.0019482631977676228,Engineering
hash_sin_41,0.0019382382265370546,Engineering
spending_efficiency_3,0.0019302187451067617,Interview
hash_sin_43,0.0019288410875034608,Engineering
hash_cos_31,0.0018226019361554228,Engineering
sin_duration_freq_2,0.001803210185275743,Interview
hash_cos_41,0.001711034423670519,Engineering
hash_sin_53,0.0016964444226858515,Engineering
hash_sin_47,0.0016726093696338847,Engineering
fourier_miles_sin_4,0.0016675399315310294,Engineering
interview_interaction_210,0.0016178448328925442,Interview
row_median,0.0015912021824537226,Engineering
poly_1_1_0,0.0015796656096643297,Engineering
sin_receipts,0.0015705350767176362,Engineering
fourier_miles_sin_2,0.0015580433231607075,Engineering
interview_interaction_110,0.0014768672210550417,Interview
interview_interaction_150,0.0014691534316251407,Interview
hash_47_37_3,0.0014543191389348464,Engineering
poly_3_0_1,0.0014356716566988528,Engineering
poly_0_2_2,0.0014132126095509404,Engineering
interview_interaction_85,0.0014108000494186077,Interview
hash_sin_37,0.0014049759841555543,Engineering
fourier_receipts_sin_2,0.001395945564474732,Engineering
exp_receipts,0.001376221027759982,Engineering
fourier_receipts_cos_1,0.0013594453771700568,Engineering
sin_miles_freq_2,0.0013244109612845431,Engineering
efficiency_score_2,0.0013135581510205683,Interview
interview_interaction_145,0.0012771451059074336,Interview
interview_transform_4_sq,0.0012718763975651205,Interview
miles_per_dollar,0.0012499715130480744,Engineering
interview_transform_4_cube,0.00124007051955185,Interview
interview_interaction_250,0.0012090392684178791,Interview
eng_complex_32,0.0011969406776359914,Engineering
interview_interaction_105,0.0011849919966143642,Interview
miles_mod_7,0.0011700947952992616,Engineering
tan_receipts,0.0011682113588751548,Engineering
hash_cos_37,0.0011555238137545968,Engineering
bit_pattern_duration,0.0011370405620771916,Interview
cos_miles_freq_5,0.0011072698341333537,Engineering
interview_interaction_160,0.0010921735741410915,Interview
interview_interaction_231,0.0010860507556554547,Interview
poly_0_1_2,0.0010627582479517219,Engineering
interview_interaction_255,0.0010514587910658115,Interview
interview_transform_3_cube,0.0010340102821544156,Interview
eng_complex_157,0.0010133953201400734,Engineering
sin_miles_freq_5,0.0010086300481339525,Engineering
cos_receipts,0.0010055514659165904,Engineering
interaction_duration_miles_sq,0.0009779113399904413,Interview
spending_efficiency_1,0.0009764035997045272,Interview
interview_interaction_200,0.0009716908580254873,Interview
fourier_duration_sin_4,0.000966003174118489,Interview
fourier_duration_sin_2,0.000965245979224462,Interview
fourier_miles_cos_4,0.0009431042977980304,Engineering
sin_receipts_freq_4,0.0009430264642375191,Engineering
eng_complex_36,0.0009229015714062927,Engineering
interview_interaction_100,0.0009191598563756503,Interview
receipts_power_1.5,0.0009161180493938393,Engineering
hash_mod_31_17_13,0.0009010423470286234,Engineering
fourier_miles_cos_5,0.0008996326912706352,Engineering
interview_interaction_185,0.0008960351657306824,Interview
poly_0_1_1,0.0008859087041179283,Engineering
eng_complex_87,0.0008687076561751124,Engineering
poly_0_0_1,0.000867993973844609,Engineering
dollars_per_mile,0.0008643934397736672,Engineering
interview_interaction_65,0.0008524835017318118,Interview
poly_0_3_1,0.000833777568787265,Engineering
interview_interaction_81,0.0008332123350903413,Interview
sin_miles_freq_3,0.0008136841445318998,Engineering
receipts_mod_23,0.0008081322216788327,Engineering
fourier_receipts_cos_4,0.0008045720955771924,Engineering
poly_0_2_1,0.0008024977216944813,Engineering
interview_interaction_241,0.0007804077230942799,Interview
fourier_receipts_cos_2,0.0007729451941790188,Engineering
fourier_receipts_cos_3,0.0007657383518995536,Engineering
interview_transform_2_cube,0.0007556760873712316,Interview
miles_mod_13,0.0007463802749916603,Engineering
fourier_miles_sin_5,0.0007458610036914415,Engineering
miles_mod_23,0.0007333959409515277,Engineering
eng_complex_1,0.0007285748369380381,Engineering
eng_complex_0,0.0007249924761809298,Engineering
sin_receipts_freq_5,0.0006965673313172881,Engineering
interview_interaction_211,0.0006898118983160461,Interview
log10_receipts,0.0006732659326955553,Engineering
fourier_receipts_sin_4,0.0006652320196528416,Engineering
interview_interaction_60,0.0006482255646861968,Interview
fourier_miles_cos_2,0.0006354200078615806,Engineering
hash_37_23_19,0.0006350008873639816,Engineering
interaction_miles_receipts,0.0006314117285705315,Engineering
interview_interaction_131,0.0006180732033893911,Interview
fourier_miles_sin_3,0.0006057311641804565,Engineering
eng_complex_55,0.0006038715530481974,Engineering
interview_transform_3_sq,0.0005929199550305174,Interview
fourier_receipts_sin_3,0.0005882072717130623,Engineering
eng_complex_30,0.0005857685495426264,Engineering
poly_0_0_4,0.0005854728188580047,Engineering
hash_41_29_11,0.0005843309568727486,Engineering
miles_mod_11,0.0005841760442815594,Engineering
eng_complex_98,0.0005655826482475544,Engineering
tan_miles,0.0005542001570312243,Engineering
cos_duration_freq_2,0.0005351873012378506,Interview
cos_receipts_freq_2,0.0005181194159658587,Engineering
fourier_receipts_sin_1,0.0005181038574358313,Engineering
hash_mod_37_23_19,0.0005131382341014351,Engineering
hash_cos_43,0.0005056947711289115,Engineering
hash_31_17_13,0.0005030983839690849,Engineering
miles_mod_19,0.0005028067322143252,Engineering
harmonic_mean,0.0005013485662022646,Engineering
eng_complex_115,0.0004999555159925052,Engineering
hash_53_41_2,0.0004967753620039127,Engineering
eng_complex_4,0.0004963677316165737,Engineering
exp_miles,0.0004885322289785618,Engineering
sin_duration,0.0004883458877479598,Interview
eng_complex_69,0.00048710692911630175,Engineering
interview_interaction_248,0.0004851412366331531,Interview
interview_interaction_101,0.0004831792760172143,Interview
hash_43_31_7,0.0004789573921415541,Engineering
interview_interaction_61,0.0004767229138438877,Interview
trip_type_hash,0.0004742837485751407,Engineering
low_spending_150,0.0004605458738963541,Interview
eng_complex_96,0.00045661329167309624,Engineering
interview_interaction_146,0.00043910466741064216,Interview
miles_bin_10_3,0.0004390895421467557,Engineering
receipts_mod_5,0.00043479724227138286,Engineering
eng_complex_171,0.0004287454557901515,Engineering
receipts_power_3,0.00042866335569197075,Engineering
interview_interaction_148,0.00042271697908819855,Interview
hash_sin_31,0.0004122207875088786,Engineering
interview_interaction_50,0.00041160381574123505,Interview
sin_receipts_freq_2,0.0004090576711192744,Engineering
eng_complex_67,0.0004005643038676524,Engineering
eng_complex_169,0.00039382997177963495,Engineering
eng_complex_93,0.00038712973343393105,Engineering
interview_interaction_205,0.0003821113901990972,Interview
eng_complex_129,0.00037348494576536055,Engineering
interaction_miles_sq_receipts,0.0003635294678780105,Engineering
duration_bin_10_5,0.0003627678298329646,Interview
cos_miles_freq_4,0.0003607283469563558,Engineering
cos_receipts_freq_5,0.0003606177476877228,Engineering
eng_complex_31,0.0003541911006156606,Engineering
fourier_duration_cos_2,0.0003511034427629262,Interview
hash_cos_47,0.00035052994136156105,Engineering
interview_interaction_34,0.0003504357204728859,Interview
duration_mod_7,0.00034928943994743295,Interview
interview_interaction_136,0.0003490404402229526,Interview
interview_interaction_240,0.00034793742927653,Interview
sin_receipts_freq_3,0.00034524439383015564,Engineering
bit_pattern_receipts,0.0003420128585714305,Engineering
vacation_penalty_8d_150s,0.0003413200570868923,Interview
cos_miles_freq_3,0.00034003980807396027,Engineering
hash_mod_43_31_7,0.00033569432257678173,Engineering
hash_cos_53,0.0003247841591692259,Engineering
duration_mod_5,0.00030669066813293774,Interview
receipts_bin_8_2,0.0003024046104630297,Engineering
cos_miles,0.0003002463502974153,Engineering
duration_efficiency,0.0002996974772224725,Interview
interview_interaction_235,0.00029676602988565814,Interview
bit_pattern_miles,0.00029420191187810196,Engineering
fourier_miles_cos_3,0.0002941175818530129,Engineering
eng_complex_60,0.0002926864406069442,Engineering
interview_interaction_190,0.0002922042514310851,Interview
hash_mod_41_29_11,0.00029166892920224783,Engineering
duration_bin_10_2,0.00027980335847258545,Interview
eng_complex_72,0.00027414605535315003,Engineering
miles_receipts_ratio,0.0002717019447920511,Engineering
balanced_daily_ratio,0.0002709478966799152,Engineering
interview_interaction_226,0.00027086190326820297,Interview
eng_complex_148,0.0002696628126639966,Engineering
eng_complex_99,0.0002659335824082905,Engineering
exact_duration_4,0.00026335765754431254,Interview
interview_interaction_191,0.0002628266213148516,Interview
eng_complex_162,0.0002606773291698859,Engineering
cos_receipts_freq_4,0.00026048210788304134,Engineering
fourier_duration_sin_3,0.0002571312229198708,Interview
vacation_penalty_7d_180s,0.00025507298381522716,Interview
receipts_mod_13,0.0002518348746743663,Engineering
interview_interaction_51,0.00024403115458993056,Interview
receipts_mod_17,0.00024190856920250638,Engineering
cosh_receipts,0.00023255941459712803,Engineering
eng_complex_18,0.00022963018424658352,Engineering
receipts_mod_19,0.00022906201331208002,Engineering
duration_bin_8_4,0.00022820058736125424,Interview
high_efficiency_100,0.00022777045936986747,Interview
miles_mod_3,0.00022436621626508466,Engineering
receipts_mod_11,0.0002239331448367052,Engineering
duration_quartile_2,0.00022171955021311774,Interview
eng_complex_54,0.00022142057268121886,Engineering
fourier_miles_sin_1,0.00022062379042511276,Engineering
poly_0_4_0,0.00022033555072264327,Engineering
spending_efficiency_2,0.00021510918968193919,Interview
eng_complex_177,0.00021048877428271788,Engineering
interview_interaction_225,0.0002095187538336627,Interview
eng_complex_153,0.00020355591567343674,Engineering
tanh_receipts,0.00020139948681357903,Engineering
log_receipts,0.00020105681581986638,Engineering
tan_duration,0.000199773614569678,Interview
eng_complex_112,0.0001895032822950066,Engineering
interview_interaction_164,0.00018931446866377022,Interview
spending_range_7,0.0001891404142427819,Interview
fourier_receipts_cos_5,0.00018828241816471123,Engineering
interview_interaction_38,0.0001862657692352159,Interview
eng_complex_186,0.00018591897605128562,Engineering
eng_complex_143,0.0001850107867372083,Engineering
vacation_penalty_8d_180s,0.00018228666336977543,Interview
interview_interaction_21,0.0001820130859224167,Interview
cos_duration,0.00018042694569167004,Interview
eng_complex_164,0.0001739481057809491,Engineering
eng_complex_174,0.00017267481223292376,Engineering
eng_complex_120,0.00016851161071876632,Engineering
interview_interaction_135,0.0001681255948410739,Interview
poly_2_2_0,0.00015762355505104646,Engineering
eng_complex_141,0.0001541623475401592,Engineering
cos_miles_freq_2,0.0001531293238475526,Engineering
efficiency_score_3,0.00015310801713853595,Interview
efficiency_score_1,0.00015108691268434104,Interview
eng_complex_165,0.00014891204114875502,Engineering
cos_receipts_freq_3,0.00014812552205121588,Engineering
interview_interaction_181,0.0001476584853119685,Interview
interview_interaction_43,0.00014557525886486702,Interview
xor_duration_miles,0.00014255586748579266,Interview
eng_complex_74,0.00013422207964848963,Engineering
interview_interaction_242,0.0001340507921533971,Interview
eng_complex_48,0.0001330228902679032,Engineering
interview_interaction_121,0.00013189147047387197,Interview
fourier_miles_cos_1,0.00013023015812235763,Engineering
eng_complex_125,0.00012550437691049158,Engineering
sin_miles,0.00012105057232363514,Engineering
eng_complex_34,0.00011976845286354453,Engineering
duration_bin_8_3,0.00011932861078121875,Interview
eng_complex_5,0.00011900844503404187,Engineering
eng_complex_81,0.00011852626706880939,Engineering
hash_mod_53_41_2,0.00011846316961599532,Engineering
low_efficiency_100,0.00011785494540951162,Interview
cos_duration_freq_4,0.0001169608779598154,Interview
eng_complex_28,0.00011385333911965562,Engineering
eng_complex_168,0.00011275397547947066,Engineering
eng_complex_102,0.00011231427879774771,Engineering
interview_interaction_141,0.00011155934200978502,Interview
receipts_mod_7,0.00011043544478172989,Engineering
weekend_trip,0.00010868352779632619,Engineering
eng_complex_84,0.00010730532163621391,Engineering
interview_interaction_96,0.00010650622995450532,Interview
eng_complex_103,0.000106159457636789,Engineering
eng_complex_15,0.00010593165936505472,Engineering
interview_interaction_128,0.00010573878697013143,Interview
eng_complex_139,0.00010540779691533845,Engineering
eng_complex_24,0.0001045654483149383,Engineering
eng_complex_94,0.00010330072124106574,Engineering
pseudo_season_1,0.00010158465489826421,Engineering
eng_complex_44,9.923005261087633e-05,Engineering
miles_mod_5,9.85435917827279e-05,Engineering
interview_interaction_25,9.749738155531881e-05,Interview
interview_interaction_260,9.737547717895334e-05,Interview
eng_complex_26,9.712410049814854e-05,Engineering
duration_mod_13,9.442974760499512e-05,Interview
spending_range_6,9.31930279030453e-05,Interview
interview_interaction_165,9.147177409166995e-05,Interview
receipts_bin_3_1,9.02707870007326e-05,Engineering
eng_complex_76,9.01770846098291e-05,Engineering
eng_complex_104,8.945093266741933e-05,Engineering
eng_complex_116,8.631762538926897e-05,Engineering
eng_complex_80,8.551786994152794e-05,Engineering
receipts_mod_3,8.449864984964049e-05,Engineering
receipts_power_0.25,8.415951448749108e-05,Engineering
interview_interaction_261,8.387947537306536e-05,Interview
miles_power_2,8.22560055151035e-05,Engineering
eng_complex_126,8.221084798804847e-05,Engineering
eng_complex_161,8.152194878137201e-05,Engineering
sin_duration_freq_3,7.974558344215662e-05,Interview
duration_range_1,7.81818932830796e-05,Interview
receipts_bin_10_4,7.681895434557141e-05,Engineering
receipts_quartile_2,7.479655762453228e-05,Engineering
eng_complex_121,7.166526531867465e-05,Engineering
interview_interaction_66,7.140442743977815e-05,Interview
sin_duration_freq_4,7.119009433422842e-05,Interview
interview_interaction_198,7.112279900809043e-05,Interview
interview_interaction_184,7.053559889268265e-05,Interview
eng_complex_12,6.772089404538328e-05,Engineering
interview_interaction_202,6.633968387721213e-05,Interview
miles_mod_17,6.550080770454847e-05,Engineering
interview_interaction_149,6.412337498614978e-05,Interview
pseudo_season_8,6.408394430437351e-05,Engineering
interview_interaction_196,6.248099657738944e-05,Interview
duration_mod_11,6.233490826863792e-05,Interview
eng_complex_117,6.178282937485995e-05,Engineering
eng_complex_114,6.169792821943414e-05,Engineering
sin_duration_freq_5,6.0732088753015713e-05,Interview
eng_complex_25,6.046081680279483e-05,Engineering
eng_complex_59,6.010848201806971e-05,Engineering
interview_interaction_130,5.850767507940691e-05,Interview
eng_complex_130,5.846320184930456e-05,Engineering
vacation_penalty_8d_200s,5.8028863623897894e-05,Interview
duration_mod_3,5.737596804835796e-05,Interview
interview_transform_2_sq,5.642631214002422e-05,Interview
eng_complex_43,5.5695483816061996e-05,Engineering
eng_complex_22,5.435068656013222e-05,Engineering
eng_complex_8,5.420099606400522e-05,Engineering
low_spending_75,5.230543348365243e-05,Interview
interview_interaction_20,5.2076596684953184e-05,Interview
eng_complex_178,5.117632709083594e-05,Engineering
interview_interaction_220,5.116285353912687e-05,Interview
mileage_range_3,5.070414808813833e-05,Engineering
interview_interaction_193,5.0271775515471394e-05,Interview
interview_interaction_166,5.02045766152278e-05,Interview
mileage_range_2,5.00483920072867e-05,Engineering
interview_interaction_163,4.99522877058466e-05,Interview
interview_interaction_71,4.994901167841072e-05,Interview
interview_interaction_213,4.985958617954572e-05,Interview
interview_interaction_31,4.860191738276566e-05,Interview
low_spending_300,4.852065392176682e-05,Interview
eng_complex_66,4.824540559263349e-05,Engineering
interview_interaction_116,4.807716321647202e-05,Interview
receipts_power_2,4.769658399735285e-05,Engineering
interview_transform_0_cube,4.7496055329622754e-05,Interview
mileage_range_1,4.6792553439467156e-05,Engineering
eng_complex_118,4.6099999984907854e-05,Engineering
pseudo_season_3,4.5634617818058605e-05,Engineering
duration_bin_5_1,4.534636924200475e-05,Interview
vacation_penalty_7d_150s,4.4459756755734183e-05,Interview
eng_complex_149,4.3973992083050064e-05,Engineering
receipts_bin_8_5,4.337871444904606e-05,Engineering
interview_interaction_218,4.2989610638923e-05,Interview
eng_complex_33,4.2859608932546345e-05,Engineering
interview_interaction_222,4.2748442514548826e-05,Interview
eng_complex_181,4.270388437765094e-05,Engineering
eng_complex_111,4.113800118968599e-05,Engineering
miles_bin_8_1,4.064132039991316e-05,Engineering
interview_interaction_217,3.967600888996138e-05,Interview
eng_complex_158,3.9481792592840864e-05,Engineering
sqrt_receipts,3.840758200335552e-05,Engineering
eng_complex_128,3.6346693782063836e-05,Engineering
miles_power_3,3.606197110914579e-05,Engineering
fourier_duration_cos_4,3.528914760675578e-05,Interview
eng_complex_92,3.506472047998396e-05,Engineering
eng_complex_172,3.483981748311237e-05,Engineering
interview_interaction_33,3.46661857291225e-05,Interview
eng_complex_146,3.41737671769247e-05,Engineering
eng_complex_180,3.393197462444119e-05,Engineering
eng_complex_45,3.3393201681611716e-05,Engineering
eng_complex_85,3.310162590402575e-05,Engineering
fourier_duration_sin_5,3.235017338135508e-05,Interview
miles_quartile_2,3.209965368302679e-05,Engineering
receipts_bin_5_2,3.121179003308531e-05,Engineering
interview_interaction_88,3.109157088952652e-05,Interview
interview_interaction_22,3.0506927045607054e-05,Interview
miles_power_4,3.0425857743745745e-05,Engineering
interview_interaction_120,3.0302110625931415e-05,Interview
interview_interaction_52,2.9900434801988974e-05,Interview
eng_complex_51,2.9793284880594505e-05,Engineering
interview_interaction_158,2.9707004870903592e-05,Interview
eng_complex_62,2.9167264264524157e-05,Engineering
eng_complex_7,2.9065582095136117e-05,Engineering
miles_bin_8_4,2.860644408767233e-05,Engineering
receipts_quartile_1,2.8162356015710272e-05,Engineering
interview_interaction_8,2.7730751145594438e-05,Interview
pseudo_season_10,2.7242363492163985e-05,Engineering
exact_duration_11,2.7191900469029265e-05,Interview
exact_duration_8,2.5483945217308066e-05,Interview
eng_complex_61,2.545503269535719e-05,Engineering
interview_interaction_133,2.508737830973988e-05,Interview
interview_interaction_154,2.5020103275406447e-05,Interview
miles_bin_5_3,2.4530038853050667e-05,Engineering
eng_complex_57,2.3679626015506528e-05,Engineering
eng_complex_166,2.3576695551633314e-05,Engineering
high_efficiency_220,2.329386914142096e-05,Interview
interview_interaction_70,2.3175930472638315e-05,Interview
interview_interaction_144,2.2797036632464422e-05,Interview
interview_interaction_67,2.248160083992798e-05,Interview
eng_complex_46,2.13044351057174e-05,Engineering
eng_complex_14,2.1199879060072176e-05,Engineering
mileage_range_6,2.0941149375172975e-05,Engineering
interview_interaction_5,2.081113226145396e-05,Interview
interview_interaction_72,2.0219020222610235e-05,Interview
interview_interaction_90,2.017535971470387e-05,Interview
eng_complex_142,2.013201591867622e-05,Engineering
eng_complex_138,2.0076213274634714e-05,Engineering
receipts_bin_10_1,1.968854715265231e-05,Engineering
eng_complex_75,1.914943535860754e-05,Engineering
interview_interaction_227,1.887935427288255e-05,Interview
eng_complex_144,1.860186675016615e-05,Engineering
interview_interaction_143,1.8515778927973623e-05,Interview
eng_complex_184,1.818956367535239e-05,Engineering
interview_interaction_75,1.779751916424459e-05,Interview
duration_bin_10_6,1.726783696867886e-05,Interview
interview_interaction_53,1.67514039206499e-05,Interview
fourier_duration_cos_3,1.668012151956154e-05,Interview
eng_complex_49,1.6376085602970378e-05,Engineering
interview_interaction_182,1.5862953854470878e-05,Interview
interview_interaction_93,1.572867246673003e-05,Interview
interview_interaction_243,1.563973523075635e-05,Interview
eng_complex_3,1.5570361341840416e-05,Engineering
receipts_bin_8_1,1.523609924945665e-05,Engineering
eng_complex_179,1.5230146937988423e-05,Engineering
interview_interaction_234,1.5183703739219146e-05,Interview
fourier_duration_cos_1,1.5065348440117782e-05,Interview
interview_interaction_236,1.4309460012254635e-05,Interview
eng_complex_73,1.4239167915607273e-05,Engineering
eng_complex_79,1.3586094182600826e-05,Engineering
cbrt_miles,1.3500347367087539e-05,Engineering
interview_interaction_87,1.3377543205958603e-05,Interview
interview_interaction_175,1.336056827471676e-05,Interview
interview_interaction_103,1.3288148369921455e-05,Interview
interview_interaction_251,1.3172272799544673e-05,Interview
eng_complex_90,1.3152524086286446e-05,Engineering
poly_0_2_0,1.29470755436415e-05,Engineering
tanh_miles,1.2734983795876493e-05,Engineering
interview_interaction_115,1.2619280370821626e-05,Interview
duration_range_3,1.2425912568325498e-05,Interview
interview_interaction_29,1.2413955556919421e-05,Interview
interview_interaction_254,1.173413978914319e-05,Interview
interview_interaction_78,1.1534135929904207e-05,Interview
spending_range_4,1.1345729266287805e-05,Interview
eng_complex_160,1.1080212813580639e-05,Engineering
interview_interaction_82,1.1056211345629883e-05,Interview
interview_interaction_147,1.1044079840330868e-05,Interview
eng_complex_136,1.10296454139387e-05,Engineering
log_miles,1.063913388012125e-05,Engineering
eng_complex_82,1.0513149503298824e-05,Engineering
spending_range_5,1.0418386965892517e-05,Interview
interview_interaction_41,1.0258968483283974e-05,Interview
interview_interaction_233,1.0067792166315644e-05,Interview
interview_interaction_188,9.427055748577471e-06,Interview
receipts_bin_10_7,9.261694788440607e-06,Engineering
interview_interaction_204,9.109694163965223e-06,Interview
interaction_duration_miles,9.09997054442843e-06,Interview
interview_interaction_167,9.08659012072941e-06,Interview
interview_interaction_118,9.085333749446948e-06,Interview
interview_interaction_48,8.919238830605753e-06,Interview
interview_interaction_15,8.771325326907005e-06,Interview
interview_interaction_230,8.59625270308137e-06,Interview
eng_complex_63,8.45267551012523e-06,Engineering
interview_interaction_223,8.16953955442664e-06,Interview
eng_complex_152,8.123707092771752e-06,Engineering
interview_interaction_108,7.808571612942025e-06,Interview
interview_interaction_174,7.471773201720592e-06,Interview
efficiency_range_4,7.32915018904609e-06,Interview
interview_interaction_151,7.235505149819167e-06,Interview
interview_interaction_194,7.123716433038602e-06,Interview
interview_interaction_7,7.109020749480113e-06,Interview
interview_interaction_172,6.977177697546444e-06,Interview
eng_complex_70,6.805937112662776e-06,Engineering
interview_interaction_24,6.605323946094185e-06,Interview
pseudo_season_9,6.56725910199465e-06,Engineering
eng_complex_131,6.13580700731672e-06,Engineering
interview_interaction_117,6.111711987653536e-06,Interview
interview_interaction_63,5.8153423606268895e-06,Interview
interview_interaction_126,5.7829952787472325e-06,Interview
fourier_duration_sin_1,5.4778862153437405e-06,Interview
fourier_duration_cos_5,5.273867276456568e-06,Interview
interview_interaction_212,4.914199618951742e-06,Interview
interview_interaction_127,4.803142202040868e-06,Interview
interview_interaction_76,4.383041919606682e-06,Interview
interaction_duration_receipts,4.23404473367914e-06,Interview
sqrt_miles,3.7852327797840414e-06,Engineering
interview_interaction_111,3.783990088306586e-06,Interview
interview_interaction_36,3.6446105377964988e-06,Interview
interview_interaction_253,3.4947355938940645e-06,Interview
interview_interaction_238,3.2747158171727615e-06,Interview
interview_interaction_47,2.864926564833817e-06,Interview
eng_complex_52,2.738772259781607e-06,Engineering
efficiency_range_0,0.0,Interview
efficiency_range_1,0.0,Interview
efficiency_range_2,0.0,Interview
efficiency_range_3,0.0,Interview
efficiency_range_5,0.0,Interview
efficiency_range_6,0.0,Interview
efficiency_range_7,0.0,Interview
high_efficiency_120,0.0,Interview
low_efficiency_120,0.0,Interview
high_efficiency_150,0.0,Interview
low_efficiency_150,0.0,Interview
high_efficiency_180,0.0,Interview
low_efficiency_180,0.0,Interview
high_efficiency_200,0.0,Interview
low_efficiency_200,0.0,Interview
low_efficiency_220,0.0,Interview
high_efficiency_250,0.0,Interview
low_efficiency_250,0.0,Interview
high_efficiency_300,0.0,Interview
low_efficiency_300,0.0,Interview
high_efficiency_350,0.0,Interview
low_efficiency_350,0.0,Interview
high_efficiency_400,0.0,Interview
low_efficiency_400,0.0,Interview
spending_range_0,0.0,Interview
spending_range_1,0.0,Interview
spending_range_2,0.0,Interview
spending_range_3,0.0,Interview
high_spending_30,0.0,Interview
low_spending_30,0.0,Interview
high_spending_50,0.0,Interview
low_spending_50,0.0,Interview
high_spending_75,0.0,Interview
high_spending_100,0.0,Interview
low_spending_100,0.0,Interview
high_spending_125,0.0,Interview
low_spending_125,0.0,Interview
high_spending_150,0.0,Interview
high_spending_200,0.0,Interview
low_spending_200,0.0,Interview
high_spending_250,0.0,Interview
low_spending_250,0.0,Interview
high_spending_300,0.0,Interview
exact_duration_1,0.0,Interview
exact_duration_2,0.0,Interview
exact_duration_3,0.0,Interview
exact_duration_5,0.0,Interview
exact_duration_6,0.0,Interview
exact_duration_7,0.0,Interview
exact_duration_9,0.0,Interview
exact_duration_10,0.0,Interview
exact_duration_12,0.0,Interview
exact_duration_13,0.0,Interview
exact_duration_14,0.0,Interview
duration_range_0,0.0,Interview
duration_range_2,0.0,Interview
duration_range_4,0.0,Interview
duration_range_5,0.0,Interview
duration_range_6,0.0,Interview
duration_range_7,0.0,Interview
duration_range_8,0.0,Interview
high_mileage_50,0.0,Engineering
low_mileage_50,0.0,Engineering
high_mileage_100,0.0,Engineering
low_mileage_100,0.0,Engineering
high_mileage_200,0.0,Engineering
low_mileage_200,0.0,Engineering
high_mileage_300,0.0,Engineering
low_mileage_300,0.0,Engineering
high_mileage_400,0.0,Engineering
low_mileage_400,0.0,Engineering
high_mileage_500,0.0,Engineering
low_mileage_500,0.0,Engineering
high_mileage_600,0.0,Engineering
low_mileage_600,0.0,Engineering
high_mileage_800,0.0,Engineering
low_mileage_800,0.0,Engineering
high_mileage_1000,0.0,Engineering
low_mileage_1000,0.0,Engineering
high_mileage_1200,0.0,Engineering
low_mileage_1200,0.0,Engineering
mileage_range_0,0.0,Engineering
mileage_range_4,0.0,Engineering
mileage_range_5,0.0,Engineering
mileage_range_7,0.0,Engineering
combo_3d_150m_80s,0.0,Interview
combo_3d_150m_100s,0.0,Interview
combo_3d_150m_120s,0.0,Interview
combo_3d_180m_80s,0.0,Interview
combo_3d_180m_100s,0.0,Interview
combo_3d_180m_120s,0.0,Interview
combo_3d_200m_80s,0.0,Interview
combo_3d_200m_100s,0.0,Interview
combo_3d_200m_120s,0.0,Interview
combo_3d_220m_80s,0.0,Interview
combo_3d_220m_100s,0.0,Interview
combo_3d_220m_120s,0.0,Interview
combo_4d_150m_80s,0.0,Interview
combo_4d_150m_100s,0.0,Interview
combo_4d_150m_120s,0.0,Interview
combo_4d_180m_80s,0.0,Interview
combo_4d_180m_100s,0.0,Interview
combo_4d_180m_120s,0.0,Interview
combo_4d_200m_80s,0.0,Interview
combo_4d_200m_100s,0.0,Interview
combo_4d_200m_120s,0.0,Interview
combo_4d_220m_80s,0.0,Interview
combo_4d_220m_100s,0.0,Interview
combo_4d_220m_120s,0.0,Interview
combo_5d_150m_80s,0.0,Interview
combo_5d_150m_100s,0.0,Interview
combo_5d_150m_120s,0.0,Interview
combo_5d_180m_80s,0.0,Interview
combo_5d_180m_100s,0.0,Interview
combo_5d_180m_120s,0.0,Interview
combo_5d_200m_80s,0.0,Interview
combo_5d_200m_100s,0.0,Interview
combo_5d_200m_120s,0.0,Interview
combo_5d_220m_80s,0.0,Interview
combo_5d_220m_100s,0.0,Interview
combo_5d_220m_120s,0.0,Interview
combo_6d_150m_80s,0.0,Interview
combo_6d_150m_100s,0.0,Interview
combo_6d_150m_120s,0.0,Interview
combo_6d_180m_80s,0.0,Interview
combo_6d_180m_100s,0.0,Interview
combo_6d_180m_120s,0.0,Interview
combo_6d_200m_80s,0.0,Interview
combo_6d_200m_100s,0.0,Interview
combo_6d_200m_120s,0.0,Interview
combo_6d_220m_80s,0.0,Interview
combo_6d_220m_100s,0.0,Interview
combo_6d_220m_120s,0.0,Interview
combo_7d_150m_80s,0.0,Interview
combo_7d_150m_100s,0.0,Interview
combo_7d_150m_120s,0.0,Interview
combo_7d_180m_80s,0.0,Interview
combo_7d_180m_100s,0.0,Interview
combo_7d_180m_120s,0.0,Interview
combo_7d_200m_80s,0.0,Interview
combo_7d_200m_100s,0.0,Interview
combo_7d_200m_120s,0.0,Interview
combo_7d_220m_80s,0.0,Interview
combo_7d_220m_100s,0.0,Interview
combo_7d_220m_120s,0.0,Interview
vacation_penalty_7d_120s,0.0,Interview
vacation_penalty_7d_200s,0.0,Interview
vacation_penalty_8d_120s,0.0,Interview
vacation_penalty_9d_120s,0.0,Interview
vacation_penalty_9d_150s,0.0,Interview
vacation_penalty_9d_180s,0.0,Interview
vacation_penalty_9d_200s,0.0,Interview
vacation_penalty_10d_120s,0.0,Interview
vacation_penalty_10d_150s,0.0,Interview
vacation_penalty_10d_180s,0.0,Interview
vacation_penalty_10d_200s,0.0,Interview
low_receipt_penalty_20,0.0,Interview
low_receipt_penalty_30,0.0,Interview
low_receipt_penalty_40,0.0,Interview
low_receipt_penalty_50,0.0,Interview
low_receipt_penalty_60,0.0,Interview
low_receipt_penalty_75,0.0,Interview
pseudo_season_0,0.0,Engineering
pseudo_season_2,0.0,Engineering
pseudo_season_4,0.0,Engineering
pseudo_season_5,0.0,Engineering
pseudo_season_6,0.0,Engineering
pseudo_season_7,0.0,Engineering
pseudo_season_11,0.0,Engineering
miles_quartile_0,0.0,Engineering
miles_quartile_1,0.0,Engineering
miles_quartile_3,0.0,Engineering
duration_quartile_0,0.0,Interview
duration_quartile_1,0.0,Interview
duration_quartile_3,0.0,Interview
receipts_quartile_0,0.0,Engineering
receipts_quartile_3,0.0,Engineering
miles_per_day_quartile_0,0.0,Engineering
miles_per_day_quartile_1,0.0,Engineering
miles_per_day_quartile_2,0.0,Engineering
miles_per_day_quartile_3,0.0,Engineering
business_week,0.0,Engineering
long_weekend,0.0,Engineering
extended_trip,0.0,Engineering
receipts_duration_product,0.0,Interview
interview_transform_0_sq,0.0,Interview
interview_transform_1_sq,0.0,Interview
interview_transform_1_cube,0.0,Interview
interview_interaction_6,0.0,Interview
interview_interaction_9,0.0,Interview
interview_interaction_10,0.0,Interview
interview_interaction_11,0.0,Interview
interview_interaction_12,0.0,Interview
interview_interaction_13,0.0,Interview
interview_interaction_14,0.0,Interview
interview_interaction_16,0.0,Interview
interview_interaction_17,0.0,Interview
interview_interaction_18,0.0,Interview
interview_interaction_19,0.0,Interview
interview_interaction_23,0.0,Interview
interview_interaction_27,0.0,Interview
interview_interaction_28,0.0,Interview
interview_interaction_30,0.0,Interview
interview_interaction_32,0.0,Interview
interview_interaction_35,0.0,Interview
interview_interaction_37,0.0,Interview
interview_interaction_39,0.0,Interview
interview_interaction_40,0.0,Interview
interview_interaction_42,0.0,Interview
interview_interaction_44,0.0,Interview
interview_interaction_49,0.0,Interview
interview_interaction_54,0.0,Interview
interview_interaction_56,0.0,Interview
interview_interaction_57,0.0,Interview
interview_interaction_58,0.0,Interview
interview_interaction_59,0.0,Interview
interview_interaction_62,0.0,Interview
interview_interaction_64,0.0,Interview
interview_interaction_68,0.0,Interview
interview_interaction_69,0.0,Interview
interview_interaction_73,0.0,Interview
interview_interaction_74,0.0,Interview
interview_interaction_77,0.0,Interview
interview_interaction_79,0.0,Interview
interview_interaction_80,0.0,Interview
interview_interaction_83,0.0,Interview
interview_interaction_84,0.0,Interview
interview_interaction_86,0.0,Interview
interview_interaction_89,0.0,Interview
interview_interaction_91,0.0,Interview
interview_interaction_92,0.0,Interview
interview_interaction_94,0.0,Interview
interview_interaction_95,0.0,Interview
interview_interaction_97,0.0,Interview
interview_interaction_98,0.0,Interview
interview_interaction_99,0.0,Interview
interview_interaction_102,0.0,Interview
interview_interaction_104,0.0,Interview
interview_interaction_106,0.0,Interview
interview_interaction_107,0.0,Interview
interview_interaction_109,0.0,Interview
interview_interaction_112,0.0,Interview
interview_interaction_113,0.0,Interview
interview_interaction_114,0.0,Interview
interview_interaction_119,0.0,Interview
interview_interaction_122,0.0,Interview
interview_interaction_123,0.0,Interview
interview_interaction_124,0.0,Interview
interview_interaction_125,0.0,Interview
interview_interaction_129,0.0,Interview
interview_interaction_132,0.0,Interview
interview_interaction_134,0.0,Interview
interview_interaction_137,0.0,Interview
interview_interaction_138,0.0,Interview
interview_interaction_139,0.0,Interview
interview_interaction_142,0.0,Interview
interview_interaction_152,0.0,Interview
interview_interaction_153,0.0,Interview
interview_interaction_155,0.0,Interview
interview_interaction_156,0.0,Interview
interview_interaction_157,0.0,Interview
interview_interaction_159,0.0,Interview
interview_interaction_161,0.0,Interview
interview_interaction_162,0.0,Interview
interview_interaction_168,0.0,Interview
interview_interaction_169,0.0,Interview
interview_interaction_171,0.0,Interview
interview_interaction_173,0.0,Interview
interview_interaction_177,0.0,Interview
interview_interaction_178,0.0,Interview
interview_interaction_179,0.0,Interview
interview_interaction_180,0.0,Interview
interview_interaction_183,0.0,Interview
interview_interaction_186,0.0,Interview
interview_interaction_187,0.0,Interview
interview_interaction_189,0.0,Interview
interview_interaction_192,0.0,Interview
interview_interaction_195,0.0,Interview
interview_interaction_197,0.0,Interview
interview_interaction_199,0.0,Interview
interview_interaction_201,0.0,Interview
interview_interaction_203,0.0,Interview
interview_interaction_206,0.0,Interview
interview_interaction_207,0.0,Interview
interview_interaction_208,0.0,Interview
interview_interaction_209,0.0,Interview
interview_interaction_214,0.0,Interview
interview_interaction_219,0.0,Interview
interview_interaction_221,0.0,Interview
interview_interaction_224,0.0,Interview
interview_interaction_228,0.0,Interview
interview_interaction_229,0.0,Interview
interview_interaction_232,0.0,Interview
interview_interaction_237,0.0,Interview
interview_interaction_239,0.0,Interview
interview_interaction_244,0.0,Interview
interview_interaction_245,0.0,Interview
interview_interaction_246,0.0,Interview
interview_interaction_247,0.0,Interview
interview_interaction_249,0.0,Interview
interview_interaction_252,0.0,Interview
interview_interaction_257,0.0,Interview
interview_interaction_258,0.0,Interview
interview_interaction_259,0.0,Interview
log_duration,0.0,Interview
log2_duration,0.0,Interview
log10_duration,0.0,Interview
sqrt_duration,0.0,Interview
cbrt_duration,0.0,Interview
log2_miles,0.0,Engineering
log10_miles,0.0,Engineering
duration_power_0.25,0.0,Interview
miles_power_0.25,0.0,Engineering
duration_power_0.5,0.0,Interview
miles_power_0.5,0.0,Engineering
duration_power_1.5,0.0,Interview
miles_power_1.5,0.0,Engineering
duration_power_2,0.0,Interview
duration_power_2.5,0.0,Interview
miles_power_2.5,0.0,Engineering
duration_power_3,0.0,Interview
duration_power_4,0.0,Interview
cos_duration_freq_3,0.0,Interview
cos_duration_freq_5,0.0,Interview
duration_mod_17,0.0,Interview
duration_mod_19,0.0,Interview
duration_mod_23,0.0,Interview
poly_0_0_2,0.0,Engineering
poly_0_0_3,0.0,Engineering
poly_0_1_0,0.0,Engineering
poly_0_3_0,0.0,Engineering
poly_1_0_0,0.0,Engineering
poly_1_0_1,0.0,Engineering
poly_2_0_0,0.0,Engineering
poly_3_0_0,0.0,Engineering
poly_4_0_0,0.0,Engineering
duration_step_0,0.0,Interview
duration_step_1,0.0,Interview
duration_step_2,0.0,Interview
duration_step_3,0.0,Interview
duration_step_4,0.0,Interview
duration_step_5,0.0,Interview
duration_step_6,0.0,Interview
miles_step_0,0.0,Engineering
miles_step_1,0.0,Engineering
miles_step_2,0.0,Engineering
miles_step_3,0.0,Engineering
miles_step_4,0.0,Engineering
miles_step_5,0.0,Engineering
miles_step_6,0.0,Engineering
receipts_step_0,0.0,Engineering
receipts_step_1,0.0,Engineering
receipts_step_2,0.0,Engineering
receipts_step_3,0.0,Engineering
receipts_step_4,0.0,Engineering
receipts_step_5,0.0,Engineering
receipts_step_6,0.0,Engineering
row_min,0.0,Engineering
exp_duration,0.0,Interview
sinh_duration,0.0,Interview
cosh_duration,0.0,Interview
tanh_duration,0.0,Interview
sinh_miles,0.0,Engineering
cosh_miles,0.0,Engineering
duration_bin_3_0,0.0,Interview
duration_bin_3_1,0.0,Interview
duration_bin_3_2,0.0,Interview
miles_bin_3_0,0.0,Engineering
miles_bin_3_1,0.0,Engineering
miles_bin_3_2,0.0,Engineering
receipts_bin_3_0,0.0,Engineering
receipts_bin_3_2,0.0,Engineering
duration_bin_5_0,0.0,Interview
duration_bin_5_2,0.0,Interview
duration_bin_5_3,0.0,Interview
duration_bin_5_4,0.0,Interview
miles_bin_5_0,0.0,Engineering
miles_bin_5_1,0.0,Engineering
miles_bin_5_2,0.0,Engineering
miles_bin_5_4,0.0,Engineering
receipts_bin_5_0,0.0,Engineering
receipts_bin_5_1,0.0,Engineering
receipts_bin_5_3,0.0,Engineering
receipts_bin_5_4,0.0,Engineering
duration_bin_8_0,0.0,Interview
duration_bin_8_1,0.0,Interview
duration_bin_8_2,0.0,Interview
duration_bin_8_5,0.0,Interview
duration_bin_8_6,0.0,Interview
duration_bin_8_7,0.0,Interview
miles_bin_8_0,0.0,Engineering
miles_bin_8_2,0.0,Engineering
miles_bin_8_3,0.0,Engineering
miles_bin_8_5,0.0,Engineering
miles_bin_8_6,0.0,Engineering
miles_bin_8_7,0.0,Engineering
receipts_bin_8_0,0.0,Engineering
receipts_bin_8_3,0.0,Engineering
receipts_bin_8_4,0.0,Engineering
receipts_bin_8_6,0.0,Engineering
receipts_bin_8_7,0.0,Engineering
duration_bin_10_0,0.0,Interview
duration_bin_10_1,0.0,Interview
duration_bin_10_3,0.0,Interview
duration_bin_10_4,0.0,Interview
duration_bin_10_7,0.0,Interview
duration_bin_10_8,0.0,Interview
duration_bin_10_9,0.0,Interview
miles_bin_10_0,0.0,Engineering
miles_bin_10_1,0.0,Engineering
miles_bin_10_2,0.0,Engineering
miles_bin_10_4,0.0,Engineering
miles_bin_10_5,0.0,Engineering
miles_bin_10_6,0.0,Engineering
miles_bin_10_7,0.0,Engineering
miles_bin_10_8,0.0,Engineering
miles_bin_10_9,0.0,Engineering
receipts_bin_10_0,0.0,Engineering
receipts_bin_10_2,0.0,Engineering
receipts_bin_10_3,0.0,Engineering
receipts_bin_10_5,0.0,Engineering
receipts_bin_10_6,0.0,Engineering
receipts_bin_10_8,0.0,Engineering
receipts_bin_10_9,0.0,Engineering
eng_complex_2,0.0,Engineering
eng_complex_6,0.0,Engineering
eng_complex_9,0.0,Engineering
eng_complex_10,0.0,Engineering
eng_complex_11,0.0,Engineering
eng_complex_13,0.0,Engineering
eng_complex_16,0.0,Engineering
eng_complex_17,0.0,Engineering
eng_complex_19,0.0,Engineering
eng_complex_20,0.0,Engineering
eng_complex_23,0.0,Engineering
eng_complex_27,0.0,Engineering
eng_complex_29,0.0,Engineering
eng_complex_35,0.0,Engineering
eng_complex_37,0.0,Engineering
eng_complex_38,0.0,Engineering
eng_complex_39,0.0,Engineering
eng_complex_40,0.0,Engineering
eng_complex_41,0.0,Engineering
eng_complex_42,0.0,Engineering
eng_complex_47,0.0,Engineering
eng_complex_50,0.0,Engineering
eng_complex_53,0.0,Engineering
eng_complex_56,0.0,Engineering
eng_complex_58,0.0,Engineering
eng_complex_64,0.0,Engineering
eng_complex_65,0.0,Engineering
eng_complex_68,0.0,Engineering
eng_complex_71,0.0,Engineering
eng_complex_77,0.0,Engineering
eng_complex_78,0.0,Engineering
eng_complex_83,0.0,Engineering
eng_complex_86,0.0,Engineering
eng_complex_88,0.0,Engineering
eng_complex_89,0.0,Engineering
eng_complex_91,0.0,Engineering
eng_complex_95,0.0,Engineering
eng_complex_97,0.0,Engineering
eng_complex_100,0.0,Engineering
eng_complex_101,0.0,Engineering
eng_complex_105,0.0,Engineering
eng_complex_106,0.0,Engineering
eng_complex_107,0.0,Engineering
eng_complex_108,0.0,Engineering
eng_complex_109,0.0,Engineering
eng_complex_110,0.0,Engineering
eng_complex_113,0.0,Engineering
eng_complex_119,0.0,Engineering
eng_complex_122,0.0,Engineering
eng_complex_123,0.0,Engineering
eng_complex_124,0.0,Engineering
eng_complex_127,0.0,Engineering
eng_complex_132,0.0,Engineering
eng_complex_133,0.0,Engineering
eng_complex_134,0.0,Engineering
eng_complex_135,0.0,Engineering
eng_complex_137,0.0,Engineering
eng_complex_140,0.0,Engineering
eng_complex_145,0.0,Engineering
eng_complex_147,0.0,Engineering
eng_complex_150,0.0,Engineering
eng_complex_151,0.0,Engineering
eng_complex_154,0.0,Engineering
eng_complex_155,0.0,Engineering
eng_complex_156,0.0,Engineering
eng_complex_159,0.0,Engineering
eng_complex_163,0.0,Engineering
eng_complex_167,0.0,Engineering
eng_complex_173,0.0,Engineering
eng_complex_175,0.0,Engineering
eng_complex_176,0.0,Engineering
eng_complex_182,0.0,Engineering
eng_complex_183,0.0,Engineering
eng_complex_185,0.0,Engineering
eng_complex_187,0.0,Engineering
